set temperature,Instrument temperature,Set pressure,mv,verification set temperature,verification Instrument temperature,verification Set pressure,verification read pressure,verification mv
40,44.70494461,-4.999850274,-304.5506592,65,70.28012085,-4.999331095,-11.29261494,-290.7867839
40,44.70415243,-4.749946849,-291.7711589,65,70.2671051,-2.499380821,-1.015420516,-164.9479421
40,44.70301056,-4.499856849,-278.8966675,65,70.3028361,-0.000138083,-0.222611984,-31.70369466
40,44.69369888,-4.249993699,-265.9419759,65,70.3100001,2.49992,2.66899699,106.1365147
40,44.69815826,-3.999723973,-252.869222,65,70.3166275,4.99996,5.997868379,243.623291
40,44.695268,-3.749930274,-239.7242432,65,70.33090719,4.99985,6.023923874,243.5402832
40,44.69449234,-3.500070274,-226.474528,65,70.35393016,2.50016,2.653216839,105.9431152
40,44.69782257,-3.250080274,-213.1462402,65,70.39808655,0.000263014,-0.232032686,-31.70621745
40,44.69403458,-3.000036849,-199.7333171,65,70.41049957,-2.499248081,-1.063857714,-164.9322917
40,44.6959432,-2.749957123,-186.2271322,65,70.41853333,-4.999041232,-11.21223577,-290.7141113
40,44.69829941,-2.500033973,-172.6476237,-25,-22.23657417,-4.999466027,-2.77553614,-347.2727661
40,44.69604683,-2.249863699,-158.9641113,-25,-22.25158946,-2.499359451,-3.132065852,-196.3720093
40,44.69740041,-1.999853699,-145.2394409,-25,-22.25104713,-0.000236712,-0.462656587,-36.75152588
40,44.69484711,-1.750007397,-131.4147135,-25,-22.24773598,2.50009,2.265309652,127.9002813
40,44.68987465,-1.499867397,-117.5301514,-25,-22.24254799,4.99998,5.60257419,291.5030619
40,44.686903,-1.249750548,-103.6070964,-25,-22.22856967,4.9998,5.601288795,291.4091797
40,44.68556341,-0.999834849,-89.55460612,-25,-22.2191925,2.50003,2.257579406,127.6758626
40,44.68129094,-0.749853548,-75.47973633,-25,-22.18981552,0.000164384,-0.461659412,-36.73063151
40,44.67807388,-0.499910849,-61.35296631,-25,-22.17594973,-2.499173834,-3.119975169,-196.3295085
40,44.67796326,-0.249810822,-47.16607666,-25,-22.17384863,-4.999239862,-2.788966974,-347.2250366
40,44.71003087,1.32E-05,-32.93774414,25,29.62298775,-4.999988082,-2.939023972,-312.867513
40,44.70395406,0.249942,-18.61653646,25,29.61341349,-2.500417535,-2.608616829,-177.1430664
40,44.69150035,0.500082,-4.25390625,25,29.62681961,-0.000243288,-0.459153682,-33.42862956
40,44.693072,0.750044,10.13468424,25,29.63234711,2.50003,1.897809505,115.0900879
40,44.68981838,1.0001,24.54888916,25,29.62560463,4.99998,2.611153841,262.9626465
40,44.70609665,1.25013,38.97827148,25,29.62659645,4.99994,2.613385737,262.8757324
40,44.72023392,1.50008,53.43733724,25,29.64121946,2.50006,1.894967079,114.9047852
40,44.73701477,1.75017,67.90130615,25,29.67150307,0.000164384,-0.458974322,-33.42993164
40,44.75630188,2.0001,82.35345459,25,29.6854248,-2.499718219,-2.608900627,-177.1411947
40,44.76860809,2.25009,96.83496094,25,29.69330724,-4.999907671,-2.944935501,-312.8133952
40,44.78469086,2.50006,111.2939453,25,29.69095993,-4.999834247,-2.944082975,-312.8175456
40,44.80510076,2.75003,125.7674967,25,29.67396228,-2.499844247,-2.608726581,-177.1088053
40,44.81715012,2.99998,140.2084147,25,29.65183957,-7.89E-05,-0.459117939,-33.43196615
40,44.8278478,3.25003,154.6394043,25,29.64893723,2.50013,1.897831082,115.0803013
40,44.8415451,3.49988,169.0522461,25,29.6445961,4.9999,2.608335018,262.951416
40,44.85828145,3.75002,183.4454753,25,29.65079371,4.99993,2.610015869,262.8545532
40,44.86981964,3.99998,197.810791,25,29.66722997,2.50012,1.89484933,114.8818359
40,44.88221741,4.24996,212.1234538,25,29.68607012,0.00018411,-0.458737254,-33.42342122
40,44.88866806,4.5,226.4370117,25,29.69674746,-2.499782465,-2.608327925,-177.1158854
40,44.89405441,4.75006,240.6891276,25,29.70173264,-4.999725068,-2.947481712,-312.8021647
40,44.89750481,4.99998,254.9130859,,,,,
40,44.89715703,4.99985,254.864502,,,,,
40,44.90044785,4.75013,240.6044922,,,,,
40,44.90317027,4.50001,226.2902222,,,,,
40,44.91007106,4.25015,211.9513346,,,,,
40,44.92117564,4.00023,197.5704753,,,,,
40,44.92381414,3.75017,183.1673177,,,,,
40,44.93464025,3.50001,168.7421875,,,,,
40,44.93768946,3.25014,154.3071289,,,,,
40,44.94507599,3.00012,139.8608398,,,,,
40,44.94793701,2.75018,125.4151204,,,,,
40,44.94894536,2.50001,110.9325562,,,,,
40,44.94874954,2.25008,96.48059082,,,,,
40,44.94779587,2.00024,82.02539063,,,,,
40,44.94055812,1.75013,67.57006836,,,,,
40,44.94218063,1.5001,53.1394043,,,,,
40,44.9446818,1.25011,38.72428385,,,,,
40,44.94841385,1.00008,24.31217448,,,,,
40,44.94942093,0.749939,9.951985677,,,,,
40,44.94967651,0.500056,-4.392496745,,,,,
40,44.94507599,0.250094,-18.70515951,,,,,
40,44.87854131,0.000578631,-32.93180339,,,,,
40,44.86536916,-0.249396698,-47.16788737,,,,,
40,44.85085678,-0.499410849,-61.33089193,,,,,
40,44.83374786,-0.749405876,-75.47607422,,,,,
40,44.82777405,-0.999525602,-89.54266357,,,,,
40,44.81784312,-1.249479177,-103.5529785,,,,,
40,44.80668831,-1.49953178,-117.5125732,,,,,
40,44.79674021,-1.749574383,-131.397522,,,,,
40,44.78191376,-1.999607808,-145.2321167,,,,,
40,44.78216553,-2.249484657,-158.9493001,,,,,
40,44.78315481,-2.499554109,-172.6362305,,,,,
40,44.78043493,-2.749577534,-186.2049967,,,,,
40,44.77125549,-2.999600411,-199.7029622,,,,,
40,44.76811345,-3.249750137,-213.1228027,,,,,
40,44.76250076,-3.499593287,-226.4498698,,,,,
40,44.76310984,-3.749736986,-239.7131348,,,,,
40,44.76660792,-3.999626986,-252.8459473,,,,,
40,44.76472727,-4.249593561,-265.8924154,,,,,
40,44.76387787,-4.499786438,-278.8548177,,,,,
40,44.76377487,-4.749786712,-291.6975098,,,,,
40,44.76618576,-4.999736438,-304.4945475,,,,,
55,60.16547648,-5.000066028,-296.1615601,,,,,
55,60.16507339,-4.750012329,-283.7303874,,,,,
55,60.18069839,-4.500072603,-271.2207031,,,,,
55,60.18633652,-4.250032603,-258.6218262,,,,,
55,60.19227219,-3.999962329,-245.9605306,,,,,
55,60.19876099,-3.750005754,-233.1499837,,,,,
55,60.1864179,-3.499806028,-220.306722,,,,,
55,60.18270747,-3.249949726,-207.3431803,,,,,
55,60.18423971,-2.99995,-194.3280436,,,,,
55,60.18834686,-2.749849726,-181.189209,,,,,
55,60.17943573,-2.500206575,-167.9715983,,,,,
55,60.17861048,-2.249866575,-154.6822917,,,,,
55,60.19449615,-1.999919726,-141.3465983,,,,,
55,60.20150757,-1.750199178,-127.9230957,,,,,
55,60.20889537,-1.499832329,-114.4274089,,,,,
55,60.20549266,-1.249879452,-100.8581543,,,,,
55,60.18895817,-0.999907151,-87.24829102,,,,,
55,60.17816544,-0.749918726,-73.56266276,,,,,
55,60.16943359,-0.499891151,-59.82592773,,,,,
55,60.15980148,-0.249889575,-46.0559082,,,,,
55,60.1582311,1.32E-05,-32.21508789,,,,,
55,60.1664772,0.250133,-18.28747559,,,,,
55,60.17454402,0.500108,-4.334716797,,,,,
55,60.17381763,0.749926,9.64860026,,,,,
55,60.17575836,1.00009,23.66292318,,,,,
55,60.17676163,1.25011,37.69262695,,,,,
55,60.18817647,1.50011,51.74348958,,,,,
55,60.20104218,1.75006,65.81585693,,,,,
55,60.21460851,2.0001,79.87003581,,,,,
55,60.22910945,2.25001,93.95003255,,,,,
55,60.23696391,2.50004,108.0061035,,,,,
55,60.24781799,2.75004,122.0723877,,,,,
55,60.26144155,2.99995,136.151062,,,,,
55,60.28077698,3.24989,150.1677246,,,,,
55,60.29498037,3.49985,164.2057292,,,,,
55,60.31098557,3.75,178.1949056,,,,,
55,60.32278442,4.00006,192.1577962,,,,,
55,60.33269501,4.24997,206.0941162,,,,,
55,60.32498169,4.49997,220.034668,,,,,
55,60.32500203,4.74992,233.9130859,,,,,
55,60.32949829,4.99999,247.7299805,,,,,
55,60.33419164,5.00013,247.7066243,,,,,
55,60.3392601,4.75005,233.8216146,,,,,
55,60.33833313,4.50001,219.8898926,,,,,
55,60.33905697,4.24999,205.9380697,,,,,
55,60.34820557,4,191.9451904,,,,,
55,60.35300191,3.75007,177.9274902,,,,,
55,60.3654569,3.49999,163.898112,,,,,
55,60.37336731,3.2501,149.8566895,,,,,
55,60.38161341,3.00006,135.7928874,,,,,
55,60.37376022,2.74999,121.7168579,,,,,
55,60.37499237,2.49994,107.6518555,,,,,
55,60.37499237,2.24999,93.59903971,,,,,
55,60.37848028,1.99999,79.53857422,,,,,
55,60.38037872,1.7501,65.48364258,,,,,
55,60.38413747,1.50011,51.45654297,,,,,
55,60.38327026,1.25011,37.43920898,,,,,
55,60.39740372,1.00004,23.43505859,,,,,
55,60.40684891,0.749972,9.464653969,,,,,
55,60.40141678,0.49999,-4.475830078,,,,,
55,60.39726639,0.250061,-18.37565104,,,,,
55,60.31004079,0.000499727,-32.22680664,,,,,
55,60.30170059,-0.249337218,-46.04516602,,,,,
55,60.28628286,-0.499285794,-59.82617188,,,,,
55,60.27542877,-0.749405698,-73.56486003,,,,,
55,60.26491801,-0.999374821,-87.25042725,,,,,
55,60.25063197,-1.249566301,-100.8737793,,,,,
55,60.24493027,-1.499506027,-114.433431,,,,,
55,60.23688126,-1.749525753,-127.9400228,,,,,
55,60.22550964,-1.999529177,-141.3491821,,,,,
55,60.22150803,-2.249489451,-154.7134603,,,,,
55,60.21839523,-2.499462602,-167.9864909,,,,,
55,60.21536509,-2.749362328,-181.2027995,,,,,
55,60.21514893,-2.999462602,-194.3058268,,,,,
55,60.21793747,-3.249492328,-207.3410645,,,,,
55,60.21628189,-3.499702054,-220.3024089,,,,,
55,60.21219635,-3.749425753,-233.1665853,,,,,
55,60.20939159,-3.999538903,-245.967041,,,,,
55,60.2050705,-4.249595753,-258.6520996,,,,,
55,60.2036972,-4.499379177,-271.232666,,,,,
55,60.20422109,-4.749585479,-283.7471517,,,,,
55,60.20344543,-4.999382328,-296.1896159,,,,,
70,75.25929006,-4.999422602,-288.1758626,,,,,
70,75.26196671,-4.749735479,-276.1271973,,,,,
70,75.26787059,-4.499505753,-263.9619141,,,,,
70,75.25891113,-4.249665479,-251.723938,,,,,
70,75.26722717,-3.999479451,-239.3710327,,,,,
70,75.26274872,-3.749665479,-226.9379883,,,,,
70,75.26699829,-3.499402602,-214.4365234,,,,,
70,75.26722209,-3.249475479,-201.8183594,,,,,
70,75.26917775,-2.999592054,-189.1628418,,,,,
70,75.26446788,-2.749652602,-176.3753052,,,,,
70,75.26377106,-2.499432328,-163.5504557,,,,,
70,75.25802867,-2.249452602,-150.6107178,,,,,
70,75.25818634,-1.999792328,-137.6137695,,,,,
70,75.25542959,-1.749449177,-124.550944,,,,,
70,75.25512187,-1.499385753,-111.4511108,,,,,
70,75.25539144,-1.249479451,-98.25048828,,,,,
70,75.25653839,-0.999499903,-85.00423177,,,,,
70,75.25936635,-0.749386177,-71.69775391,,,,,
70,75.25469971,-0.499417602,-58.35294596,,,,,
70,75.25366211,-0.249481903,-44.92236328,,,,,
70,75.26059977,-0.000019726,-31.51139323,,,,,
70,75.25792694,0.250133,-17.98144531,,,,,
70,75.256073,0.500062,-4.400512695,,,,,
70,75.25411987,0.750064,9.194519043,,,,,
70,75.26171112,1.00014,22.83414714,,,,,
70,75.27503204,1.25011,36.484375,,,,,
70,75.30023193,1.50002,50.16153971,,,,,
70,75.31582133,1.75015,63.85620117,,,,,
70,75.33297157,2.00014,77.52937826,,,,,
70,75.34799449,2.25006,91.22688802,,,,,
70,75.3645401,2.49994,104.9059245,,,,,
70,75.37560272,2.75004,118.6055501,,,,,
70,75.3903478,2.99991,132.2733561,,,,,
70,75.40144857,3.24995,145.9254761,,,,,
70,75.40531921,3.49996,159.5627441,,,,,
70,75.41118622,3.7499,173.2246908,,,,,
70,75.41590118,3.99977,186.8243408,,,,,
70,75.42415873,4.24989,200.404541,,,,,
70,75.43281301,4.50003,213.9604492,,,,,
70,75.43801117,4.74986,227.4467773,,,,,
70,75.44473267,5.00004,240.8972982,,,,,
70,75.446256,5.00011,240.9128418,,,,,
70,75.45027351,4.74998,227.3567708,,,,,
70,75.46153768,4.50004,213.8056641,,,,,
70,75.45909119,4.25012,200.2119954,,,,,
70,75.46330833,4.0001,186.6048991,,,,,
70,75.46482849,3.75005,172.9578247,,,,,
70,75.46480052,3.49997,159.3037109,,,,,
70,75.4702301,3.25006,145.5901489,,,,,
70,75.47516886,3.00021,131.9468587,,,,,
70,75.47746277,2.74994,118.2583822,,,,,
70,75.47804769,2.50006,104.5581868,,,,,
70,75.48157247,2.2499,90.8655599,,,,,
70,75.48160299,2.00001,77.17765299,,,,,
70,75.48413849,1.75023,63.50691732,,,,,
70,75.48976898,1.49999,49.84033203,,,,,
70,75.48505402,1.24984,36.21533203,,,,,
70,75.49481964,1.00017,22.6019694,,,,,
70,75.49539185,0.750044,9.006998698,,,,,
70,75.49052429,0.500141,-4.55452474,,,,,
70,75.48991903,0.250041,-18.09802246,,,,,
70,75.41220856,0.000460272,-31.51855469,,,,,
70,75.39034271,-0.24894325,-44.93888346,,,,,
70,75.37782288,-0.498852122,-58.3371582,,,,,
70,75.36476644,-0.748912601,-71.71940104,,,,,
70,75.35667038,-0.998960752,-85.00748698,,,,,
70,75.34840902,-1.249085204,-98.28210449,,,,,
70,75.33661652,-1.49928493,-111.4869792,,,,,
70,75.33074951,-1.748994656,-124.6118978,,,,,
70,75.32685852,-1.998998081,-137.6634115,,,,,
70,75.32938385,-2.249220958,-150.656189,,,,,
70,75.3219223,-2.499126985,-163.5610352,,,,,
70,75.31647237,-2.749367259,-176.4121094,,,,,
70,75.31846619,-2.999020684,-189.1763763,,,,,
70,75.31513214,-3.249153834,-201.8493042,,,,,
70,75.3171978,-3.499119862,-214.4760742,,,,,
70,75.31784566,-3.749309862,-226.9746908,,,,,
70,75.31601461,-3.999206711,-239.4047852,,,,,
70,75.31421661,-4.249413287,-251.7195638,,,,,
70,75.3149821,-4.499353013,-263.9937744,,,,,
70,75.31295776,-4.749409862,-276.1619263,,,,,
70,75.31225586,-4.999109314,-288.2347412,,,,,
-30,-27.30505371,-4.999472602,-351.6489258,,,,,
-30,-27.30884933,-4.749702602,-336.8579915,,,,,
-30,-27.31331825,-4.499375753,-321.9602865,,,,,
-30,-27.31554349,-4.249595753,-306.9482422,,,,,
-30,-27.31164487,-3.999569177,-291.8231608,,,,,
-30,-27.31632042,-3.749466027,-276.5963542,,,,,
-30,-27.31884384,-3.499542876,-261.2663574,,,,,
-30,-27.31747055,-3.249449177,-245.8316243,,,,,
-30,-27.32553927,-2.999619451,-230.3015951,,,,,
-30,-27.3236599,-2.749309451,-214.6424154,,,,,
-30,-27.32240677,-2.499708903,-198.9286296,,,,,
-30,-27.32347234,-2.249335753,-183.1154785,,,,,
-30,-27.32125664,-1.999615753,-167.1934204,,,,,
-30,-27.32451948,-1.749416027,-151.2229818,,,,,
-30,-27.32608128,-1.499505753,-135.162679,,,,,
-30,-27.32802518,-1.249399177,-119.0077311,,,,,
-30,-27.32756805,-0.999538753,-102.8116862,,,,,
-30,-27.32562256,-0.749458753,-86.50976563,,,,,
-30,-27.32918485,-0.499457027,-70.17423503,,,,,
-30,-27.33629036,-0.249449602,-53.78417969,,,,,
-30,-27.32241631,-0.000118356,-37.38028971,,,,,
-30,-27.32446353,0.250126,-20.85345459,,,,,
-30,-27.32653046,0.499996,-4.267903646,,,,,
-30,-27.32792282,0.75007,12.33146159,,,,,
-30,-27.32009888,1.0002,28.97281901,,,,,
-30,-27.30661519,1.25011,45.63659668,,,,,
-30,-27.27759298,1.50007,62.31152344,,,,,
-30,-27.25623894,1.75008,78.987854,,,,,
-30,-27.24520556,1.99998,95.66333008,,,,,
-30,-27.22370148,2.24998,112.3330892,,,,,
-30,-27.20844269,2.49998,129.0099284,,,,,
-30,-27.19612885,2.74996,145.6524658,,,,,
-30,-27.18614388,2.99993,162.2910156,,,,,
-30,-27.18235588,3.2499,178.9145508,,,,,
-30,-27.16925812,3.49997,195.501709,,,,,
-30,-27.15572802,3.74994,212.0547689,,,,,
-30,-27.14777184,3.99996,228.5700684,,,,,
-30,-27.14502335,4.24993,245.0620117,,,,,
-30,-27.14053535,4.49997,261.4865112,,,,,
-30,-27.12984848,4.74992,277.8557943,,,,,
-30,-27.13099861,4.99989,294.1787109,,,,,
-30,-27.12608973,4.99991,294.1455078,,,,,
-30,-27.1217289,4.74997,277.7473958,,,,,
-30,-27.11980677,4.49996,261.3212891,,,,,
-30,-27.1201992,4.24995,244.837321,,,,,
-30,-27.11731148,4,228.3186646,,,,,
-30,-27.12146187,3.75,211.7734985,,,,,
-30,-27.11697388,3.49996,195.1835124,,,,,
-30,-27.12403361,3.24996,178.5656738,,,,,
-30,-27.11226082,3.00005,161.9412435,,,,,
-30,-27.10840034,2.75007,145.2858073,,,,,
-30,-27.1073157,2.50001,128.6322632,,,,,
-30,-27.1076622,2.24997,111.9636841,,,,,
-30,-27.10862478,2.00003,95.30545998,,,,,
-30,-27.10020065,1.75016,78.6418457,,,,,
-30,-27.10743713,1.49995,61.99334717,,,,,
-30,-27.09456253,1.24996,45.36230469,,,,,
-30,-27.09193548,0.999993,28.78118896,,,,,
-30,-27.09158897,0.750064,12.17692057,,,,,
-30,-27.09527397,0.500069,-4.370442708,,,,,
-30,-27.09977913,0.250021,-20.91194661,,,,,
-30,-27.17178154,0.000440545,-37.32702637,,,,,
-30,-27.19994354,-0.24884382,-53.71280924,,,,,
-30,-27.21294848,-0.498931574,-70.10522461,,,,,
-30,-27.22417831,-0.748945451,-86.4449056,,,,,
-30,-27.23589389,-0.998933875,-102.7293701,,,,,
-30,-27.23817444,-1.249005204,-118.9383952,,,,,
-30,-27.2408301,-1.499118355,-135.1010132,,,,,
-30,-27.24673907,-1.749151232,-151.162028,,,,,
-30,-27.25346184,-1.999144108,-167.1583659,,,,,
-30,-27.25894992,-2.249097259,-183.0541178,,,,,
-30,-27.26285744,-2.499317259,-198.8939209,,,,,
-30,-27.26358795,-2.748980958,-214.6169434,,,,,
-30,-27.26622391,-2.999033561,-230.2507935,,,,,
-30,-27.25564003,-3.249089862,-245.7919922,,,,,
-30,-27.25866508,-3.499223287,-261.2178548,,,,,
-30,-27.26448441,-3.749263287,-276.5667318,,,,,
-30,-27.26429749,-3.999183287,-291.7839355,,,,,
-30,-27.25508881,-4.249239862,-306.9271647,,,,,
-30,-27.25806173,-4.499113013,-321.922526,,,,,
-30,-27.26322365,-4.749123013,-336.8404948,,,,,
-30,-27.26648649,-4.999369862,-351.6381836,,,,,
-15,-12.2711153,-4.999593561,-339.9050293,,,,,
-15,-12.27491156,-4.749676712,-325.6143799,,,,,
-15,-12.26554298,-4.499696164,-311.1875,,,,,
-15,-12.27586492,-4.249679589,-296.6761882,,,,,
-15,-12.27688169,-3.99967589,-282.0736084,,,,,
-15,-12.29037571,-3.749728767,-267.3604736,,,,,
-15,-12.29448986,-3.499719589,-252.5333659,,,,,
-15,-12.29541492,-3.249625342,-237.6162109,,,,,
-15,-12.28840351,-2.999835342,-222.6118978,,,,,
-15,-12.27996953,-2.749598767,-207.5085449,,,,,
-15,-12.27418184,-2.499775616,-192.2702637,,,,,
-15,-12.27566171,-2.249708493,-176.9869792,,,,,
-15,-12.27701473,-1.999787945,-161.6137695,,,,,
-15,-12.27875423,-1.749987945,-146.1752116,,,,,
-15,-12.28436375,-1.499794247,-130.6577148,,,,,
-15,-12.28781414,-1.249854247,-115.0385742,,,,,
-15,-12.2906189,-0.999848548,-99.35611979,,,,,
-15,-12.29746985,-0.749773822,-83.61832682,,,,,
-15,-12.29482651,-0.499838973,-67.81140137,,,,,
-15,-12.29311562,-0.249850699,-51.96313477,,,,,
-15,-12.2730039,6.58E-06,-36.05065918,,,,,
-15,-12.27782853,0.250166,-20.04435221,,,,,
-15,-12.28020318,0.500016,-3.998697917,,,,,
-15,-12.28851509,0.75007,12.07047526,,,,,
-15,-12.27816486,1.00012,28.18225098,,,,,
-15,-12.26012897,1.25015,44.27620443,,,,,
-15,-12.24094391,1.50009,60.41412354,,,,,
-15,-12.2172699,1.74996,76.55810547,,,,,
-15,-12.19728947,1.99996,92.70654297,,,,,
-15,-12.17385006,2.25009,108.8430786,,,,,
-15,-12.15232944,2.50002,124.9857585,,,,,
-15,-12.1421353,2.75012,141.1016439,,,,,
-15,-12.12905502,2.99992,157.2287598,,,,,
-15,-12.12352943,3.24989,173.2916667,,,,,
-15,-12.11168353,3.49996,189.354126,,,,,
-15,-12.10456816,3.74993,205.3918457,,,,,
-15,-12.09806093,3.99979,221.388265,,,,,
-15,-12.09710693,4.24992,237.3382568,,,,,
-15,-12.08998299,4.49991,253.2570801,,,,,
-15,-12.08595276,4.75001,269.1083171,,,,,
-15,-12.08159606,4.99994,284.9118042,,,,,
-15,-12.07940833,4.99995,284.8854167,,,,,
-15,-12.08170795,4.75005,269.0085449,,,,,
-15,-12.07780933,4.50003,253.0983887,,,,,
-15,-12.08263397,4.25004,237.1268311,,,,,
-15,-12.08297062,3.99998,221.1352539,,,,,
-15,-12.0807546,3.74998,205.097819,,,,,
-15,-12.07751513,3.50001,189.0392253,,,,,
-15,-12.06779575,3.25003,172.9474284,,,,,
-15,-12.06478532,3.0001,156.8428548,,,,,
-15,-12.05940946,2.75005,140.729248,,,,,
-15,-12.05276108,2.49997,124.5802409,,,,,
-15,-12.04861959,2.2499,108.4478353,,,,,
-15,-12.0442063,2.0001,92.31384277,,,,,
-15,-12.04493523,1.75013,76.20572917,,,,,
-15,-12.0512743,1.5001,60.09082031,,,,,
-15,-12.0523688,1.25005,44.00939941,,,,,
-15,-12.05332247,1.00009,27.93768311,,,,,
-15,-12.04849815,0.75005,11.8828125,,,,,
-15,-12.05621147,0.500088,-4.139078776,,,,,
-15,-12.05677223,0.250205,-20.12972005,,,,,
-15,-12.14626853,0.000493151,-36.05436198,,,,,
-15,-12.16983891,-0.249389849,-51.94620768,,,,,
-15,-12.18542743,-0.499443725,-67.79150391,,,,,
-15,-12.20142269,-0.749406479,-83.59700521,,,,,
-15,-12.21176338,-0.999519356,-99.33317057,,,,,
-15,-12.21842003,-1.249568356,-115.0170085,,,,,
-15,-12.2399435,-1.499538356,-130.6279297,,,,,
-15,-12.24139214,-1.749517534,-146.15448,,,,,
-15,-12.23270639,-1.999487534,-161.580485,,,,,
-15,-12.221982,-2.249470411,-176.9755046,,,,,
-15,-12.22764826,-2.499603835,-192.2598267,,,,,
-15,-12.22672939,-2.749756164,-207.4671224,,,,,
-15,-12.23567009,-2.999963287,-222.5686849,,,,,
-15,-12.24550597,-3.249583287,-237.5855713,,,,,
-15,-12.25361284,-3.499779863,-252.5061646,,,,,
-15,-12.25805378,-3.749663287,-267.3258667,,,,,
-15,-12.25211652,-3.999796438,-282.0461426,,,,,
-15,-12.24891885,-4.249746438,-296.6553955,,,,,
-15,-12.25289281,-4.499756438,-311.1596069,,,,,
-15,-12.23953183,-4.749679589,-325.5583496,,,,,
-15,-12.23044395,-4.999795616,-339.8583171,,,,,
0,3.262650967,-4.999929452,-329.0672201,,,,,
0,3.252127767,-4.749952603,-315.2147624,,,,,
0,3.248467386,-4.500076028,-301.2816162,,,,,
0,3.240136862,-4.249866301,-287.2328288,,,,,
0,3.23588268,-3.999998904,-273.0843099,,,,,
0,3.228692691,-3.749846028,-258.8378092,,,,,
0,3.222634077,-3.500042603,-244.500651,,,,,
0,3.207010746,-3.249986575,-230.060791,,,,,
0,3.198062897,-2.999886028,-215.5527344,,,,,
0,3.186057806,-2.749869452,-200.9496257,,,,,
0,3.178054492,-2.499922603,-186.2229004,,,,,
0,3.167648236,-2.249862877,-171.4165853,,,,,
0,3.162776947,-1.999956028,-156.5400391,,,,,
0,3.158261061,-1.749856028,-141.5694173,,,,,
0,3.160794814,-1.499912603,-126.5376587,,,,,
0,3.151978016,-1.249825754,-111.425415,,,,,
0,3.156914632,-0.999946904,-96.23933919,,,,,
0,3.145891428,-0.749925754,-81.02115885,,,,,
0,3.145772099,-0.499904028,-65.69921875,,,,,
0,3.138318062,-0.249949329,-50.34944661,,,,,
0,3.154782852,-5.92E-05,-34.95125326,,,,,
0,3.162589947,0.250133,-19.47283936,,,,,
0,3.167040348,0.500042,-3.92203776,,,,,
0,3.166788101,0.750103,11.62988281,,,,,
0,3.166385889,1.00021,27.22745768,,,,,
0,3.182145,1.25017,42.83374023,,,,,
0,3.205692232,1.50015,58.46297201,,,,,
0,3.227858305,1.75006,74.10172526,,,,,
0,3.248757283,2.00003,89.72623698,,,,,
0,3.264904261,2.24991,105.3632202,,,,,
0,3.274338086,2.50002,120.9989421,,,,,
0,3.291812897,2.7499,136.6206665,,,,,
0,3.308577061,2.99991,152.2348633,,,,,
0,3.316963673,3.25003,167.8190104,,,,,
0,3.326837063,3.49995,183.3850911,,,,,
0,3.337299347,3.74992,198.9279785,,,,,
0,3.350622654,3.99995,214.4309692,,,,,
0,3.357046127,4.24993,229.8963216,,,,,
0,3.354675949,4.49995,245.3262329,,,,,
0,3.361543258,4.7499,260.6934408,,,,,
0,3.370126406,4.99996,276.0333252,,,,,
0,3.374520779,4.9999,276.0024414,,,,,
0,3.374333779,4.75009,260.5922241,,,,,
0,3.377683342,4.50001,245.1710612,,,,,
0,3.374670426,4.24999,229.6954956,,,,,
0,3.388732354,3.99996,214.1709798,,,,,
0,3.387395382,3.75001,198.6313477,,,,,
0,3.387470166,3.49997,183.0657959,,,,,
0,3.392341296,3.25007,167.4686279,,,,,
0,3.402205229,2.99998,151.8533529,,,,,
0,3.399568796,2.75013,136.2508138,,,,,
0,3.403018713,2.49998,120.6279297,,,,,
0,3.401532173,2.24998,104.9916178,,,,,
0,3.41017127,1.99999,89.37532552,,,,,
0,3.409498215,1.75009,73.76416016,,,,,
0,3.404963493,1.50007,58.14176432,,,,,
0,3.399344206,1.25011,42.56225586,,,,,
0,3.408880949,1.00013,26.9921875,,,,,
0,3.414708197,0.75005,11.46472168,,,,,
0,3.42143774,0.500082,-4.056152344,,,,,
0,3.419334094,0.250021,-19.5476888,,,,,
0,3.32880044,0.000447124,-34.95043945,,,,,
0,3.320675532,-0.249383424,-50.3269043,,,,,
0,3.311101437,-0.499431177,-65.68098958,,,,,
0,3.29727308,-0.749465479,-80.96940104,,,,,
0,3.282827854,-0.999545506,-96.20328776,,,,,
0,3.264913638,-1.249468082,-111.3786621,,,,,
0,3.260117213,-1.499497808,-126.5031738,,,,,
0,3.259677728,-1.749534109,-141.5270996,,,,,
0,3.240940889,-1.999594109,-156.491394,,,,,
0,3.242736022,-2.249643835,-171.3736979,,,,,
0,3.240894079,-2.499623835,-186.1468913,,,,,
0,3.236770868,-2.749476986,-200.8894043,,,,,
0,3.229982853,-2.999969863,-215.4864095,,,,,
0,3.235583544,-3.249633561,-230.017334,,,,,
0,3.240174294,-3.499609863,-244.4573975,,,,,
0,3.24677515,-3.749629863,-258.8327637,,,,,
0,3.239248594,-3.999712739,-273.0536499,,,,,
0,3.232872009,-4.249713013,-287.1609701,,,,,
0,3.241707563,-4.499936164,-301.2296753,,,,,
0,3.22665445,-4.749603287,-315.1727295,,,,,
0,3.227339327,-4.999523287,-329.0069987,,,,,
10,13.79401175,-4.999676438,-322.2284342,,,,,
10,13.79655488,-4.749899589,-308.7131348,,,,,
10,13.79444154,-4.499799863,-295.0343424,,,,,
10,13.79656442,-4.249559863,-281.2959595,,,,,
10,13.79166007,-3.999880411,-267.4370117,,,,,
10,13.79496336,-3.749976712,-253.4911296,,,,,
10,13.79363823,-3.499700137,-239.4591675,,,,,
10,13.79088879,-3.249740137,-225.3172201,,,,,
10,13.78993559,-2.999620137,-211.0887044,,,,,
10,13.79258156,-2.749650411,-196.7816569,,,,,
10,13.79041195,-2.499580411,-182.3562826,,,,,
10,13.79206721,-2.24954726,-167.8701986,,,,,
10,13.79130967,-1.999680958,-153.291687,,,,,
10,13.78342819,-1.749547534,-138.6378784,,,,,
10,13.79169536,-1.499754109,-123.9312744,,,,,
10,13.78809357,-1.249670411,-109.1358236,,,,,
10,13.79570421,-0.999611534,-94.28271484,,,,,
10,13.7846899,-0.749583534,-79.36783854,,,,,
10,13.78606415,-0.499529534,-64.3894043,,,,,
10,13.78421307,-0.249587534,-49.35270182,,,,,
10,13.78410085,-0.000105206,-34.31486003,,,,,
10,13.79226303,0.250126,-19.15380859,,,,,
10,13.78595257,0.500108,-3.9375,,,,,
10,13.78027725,0.750129,11.30541992,,,,,
10,13.79368496,0.999999,26.57836914,,,,,
10,13.8083353,1.25014,41.84903971,,,,,
10,13.82454777,1.50009,57.15079753,,,,,
10,13.84713713,1.75007,72.46655273,,,,,
10,13.86659431,2.00004,87.7894694,,,,,
10,13.89164162,2.25003,103.1054688,,,,,
10,13.90197341,2.49994,118.4050293,,,,,
10,13.91194057,2.75003,133.7089844,,,,,
10,13.92381414,3.00003,149.0145874,,,,,
10,13.9313879,3.2499,164.2751465,,,,,
10,13.94705772,3.49996,179.5339966,,,,,
10,13.94794591,3.74987,194.7633667,,,,,
10,13.95644474,3.99997,209.9632161,,,,,
10,13.96196175,4.24996,225.1056315,,,,,
10,13.97368622,4.49985,240.2157389,,,,,
10,13.96897411,4.75009,255.2692871,,,,,
10,13.97558371,5.00014,270.3222656,,,,,
10,13.97819265,4.99994,270.2822774,,,,,
10,13.97861322,4.75003,255.1813965,,,,,
10,13.98344707,4.50003,240.0602214,,,,,
10,13.98945904,4.24997,224.888855,,,,,
10,13.98995431,4.00004,209.6905924,,,,,
10,13.99643421,3.75004,194.4680176,,,,,
10,13.99687322,3.50003,179.2091675,,,,,
10,13.99543349,3.25001,163.9447021,,,,,
10,13.99875291,2.99986,148.6143392,,,,,
10,14.0047853,2.75,133.3355713,,,,,
10,14.00122356,2.50011,118.0334473,,,,,
10,14.00434399,2.25015,102.7349854,,,,,
10,14.00411034,2.0002,87.45524089,,,,,
10,14.01054287,1.75018,72.11246745,,,,,
10,14.00848548,1.49999,56.84423828,,,,,
10,14.01474333,1.25005,41.58504232,,,,,
10,14.01119677,1.00011,26.32965088,,,,,
10,14.01054287,0.749991,11.12386068,,,,,
10,14.01261806,0.500029,-4.083902995,,,,,
10,14.01021266,0.250087,-19.23331706,,,,,
10,13.91772747,0.000427393,-34.29101563,,,,,
10,13.90199184,-0.249001574,-49.32641602,,,,,
10,13.88852882,-0.498904451,-64.37194824,,,,,
10,13.87430763,-0.749004903,-79.33894857,,,,,
10,13.86388238,-0.999006355,-94.26293945,,,,,
10,13.85879612,-1.249071506,-109.1048177,,,,,
10,13.84373347,-1.499084382,-123.9067383,,,,,
10,13.84148026,-1.749080684,-138.6193848,,,,,
10,13.83664465,-1.999113834,-153.2790527,,,,,
10,13.83250459,-2.249070136,-167.837321,,,,,
10,13.82154655,-2.49915041,-182.3771973,,,,,
10,13.82132244,-2.749349862,-196.7646484,,,,,
10,13.8192749,-2.999206711,-211.0650228,,,,,
10,13.81693745,-3.249253013,-225.2823486,,,,,
10,13.81868585,-3.499253013,-239.409668,,,,,
10,13.81860852,-3.749212739,-253.473877,,,,,
10,13.80956968,-3.999103013,-267.4000854,,,,,
10,13.80881214,-4.249326163,-281.2624512,,,,,
10,13.81186962,-4.499265342,-295.0185547,,,,,
10,13.80985069,-4.749312739,-308.6740723,,,,,
10,13.81388235,-4.999262739,-322.2192993,,,,,
25,29.57045937,-4.999483424,-312.8506673,,,,,
25,29.57143275,-4.749550547,-299.6796875,,,,,
25,29.57074928,-4.499183424,-286.4660645,,,,,
25,29.57470512,-4.249356575,-273.0924479,,,,,
25,29.57316208,-3.999436575,-259.6484375,,,,,
25,29.57293701,-3.749696849,-246.1230469,,,,,
25,29.57041359,-3.499330273,-232.5127563,,,,,
25,29.57237625,-3.249373698,-218.796875,,,,,
25,29.57018852,-2.999326849,-204.9970703,,,,,
25,29.57086245,-2.749327123,-191.1002604,,,,,
25,29.5665288,-2.499526849,-177.1261393,,,,,
25,29.55857658,-2.249680273,-163.0780436,,,,,
25,29.55935287,-1.999463972,-148.9407349,,,,,
25,29.55686569,-1.749387123,-134.7216797,,,,,
25,29.55632337,-1.499403424,-120.4247437,,,,,
25,29.55826823,-1.249596849,-106.0771484,,,,,
25,29.55918503,-0.999282849,-91.66223145,,,,,
25,29.55675316,-0.749372849,-77.18375651,,,,,
25,29.55921555,-0.499364698,-62.65372721,,,,,
25,29.55956841,-0.249350698,-48.07869466,,,,,
25,29.56466293,-0.000072329,-33.46118164,,,,,
25,29.55616379,0.25008,-18.75512695,,,,,
25,29.56326771,0.500049,-4.018717448,,,,,
25,29.5612971,0.75009,10.7890625,,,,,
25,29.57080587,1.00001,25.61199951,,,,,
25,29.58418655,1.25003,40.46484375,,,,,
25,29.60614777,1.50014,55.31121826,,,,,
25,29.62679227,1.75007,70.17358398,,,,,
25,29.64073372,2.00001,85.05859375,,,,,
25,29.65680504,2.25004,99.93328857,,,,,
25,29.6743927,2.49998,114.7862956,,,,,
25,29.69209099,2.75002,129.6461589,,,,,
25,29.69988887,2.99999,144.4997559,,,,,
25,29.70552635,3.24989,159.3265788,,,,,
25,29.72196388,3.49997,174.1473796,,,,,
25,29.72849846,3.74991,188.9200846,,,,,
25,29.73689524,3.99992,203.6846313,,,,,
25,29.74037298,4.25001,218.4125366,,,,,
25,29.74412282,4.49991,233.1097005,,,,,
25,29.74827385,4.74996,247.7458496,,,,,
25,29.75217183,4.99989,262.3339844,,,,,
25,29.75661341,4.9999,262.3167318,,,,,
25,29.759559,4.74996,247.651123,,,,,
25,29.76345762,4.50001,232.9314779,,,,,
25,29.76159668,4.25017,218.2169189,,,,,
25,29.76468277,4.00004,203.4448242,,,,,
25,29.76404699,3.75,188.6537272,,,,,
25,29.7679081,3.50006,173.8598022,,,,,
25,29.76642227,3.24987,159.0086263,,,,,
25,29.77295685,3.00012,144.1563314,,,,,
25,29.7792325,2.74991,129.2977702,,,,,
25,29.77915573,2.50009,114.400472,,,,,
25,29.7834568,2.25012,99.54817708,,,,,
25,29.78698158,1.99995,84.69392904,,,,,
25,29.78908539,1.75,69.84928385,,,,,
25,29.7967809,1.50007,55.01794434,,,,,
25,29.79719162,1.24999,40.17602539,,,,,
25,29.80249214,0.99996,25.38964844,,,,,
25,29.80100632,0.750169,10.59356689,,,,,
25,29.80835533,0.500069,-4.150390625,,,,,
25,29.80190468,0.250186,-18.87174479,,,,,
25,29.7215716,0.000407667,-33.46539307,,,,,
25,29.70971251,-0.24888352,-48.05460612,,,,,
25,29.69455973,-0.49885909,-62.65014648,,,,,
25,29.68327395,-0.748952423,-77.17211914,,,,,
25,29.67192316,-0.9990133,-91.65641276,,,,,
25,29.66236814,-1.248959177,-106.0679932,,,,,
25,29.65404701,-1.498952601,-120.4228516,,,,,
25,29.6448555,-1.748955752,-134.7155762,,,,,
25,29.63371086,-1.998968903,-148.9222412,,,,,
25,29.62555885,-2.249085204,-163.0594889,,,,,
25,29.62742805,-2.49903493,-177.1362305,,,,,
25,29.61809731,-2.749177807,-191.0989583,,,,,
25,29.61483447,-2.999097533,-204.9921875,,,,,
25,29.6114591,-3.249264108,-218.7855632,,,,,
25,29.60871887,-3.499050684,-232.5230306,,,,,
25,29.61015892,-3.749044382,-246.1481934,,,,,
25,29.6074872,-3.999207533,-259.6760254,,,,,
25,29.60480181,-4.249033561,-273.0834961,,,,,
25,29.6034654,-4.499090684,-286.4562988,,,,,
25,29.601511,-4.749177259,-299.7038574,,,,,
25,29.6034743,-4.999137259,-312.8562826,,,,,
